namespace,name,bits,p,a,b,n,h,gx,gy
x963,ansip160k1,160,0xfffffffffffffffffffffffffffffffeffffac73,0x0,0x7,0x100000000000000000001b8fa16dfab9aca16b6b3,0x1,0x3b4c382ce37aa192a4019e763036f4f5dd4d7ebb,0x938cf935318fdced6bc28286531733c3f03c4fee
x963,ansip160r1,160,0xffffffffffffffffffffffffffffffff7fffffff,-0x3,0x1c97befc54bd7a8b65acf89f81d4d4adc565fa45,0x100000000000000000001f4c8f927aed3ca752257,0x1,0x4a96b5688ef573284664698968c38bb913cbfc82,0x23a628553168947d59dcc912042351377ac5fb32
x963,ansip160r2,160,0xfffffffffffffffffffffffffffffffeffffac73,-0x3,0xb4e134d3fb59eb8bab57274904664d5af50388ba,0x100000000000000000000351ee786a818f3a1a16b,0x1,0x52dcb034293a117e1f4ff11b30f7199d3144ce6d,0xfeaffef2e331f296e071fa0df9982cfea7d43f2e
x963,ansip192k1,192,0xfffffffffffffffffffffffffffffffffffffffeffffee37,0x0,0x3,0xfffffffffffffffffffffffe26f2fc170f69466a74defd8d,0x1,0xdb4ff10ec057e9ae26b07d0280b7f4341da5d1b1eae06c7d,0x9b2f2f6d9c5628a7844163d015be86344082aa88d95e2f9d
x963,ansip224k1,224,0xfffffffffffffffffffffffffffffffffffffffffffffffeffffe56d,0x0,0x5,0x10000000000000000000000000001dce8d2ec6184caf0a971769fb1f7,0x1,0xa1455b334df099df30fc28a169a467e9e47075a90f7e650eb6b7a45c,0x7e089fed7fba344282cafbd6f7e319f7c0b0bd59e2ca4bdb556d61a5
x963,ansip224r1,224,0xffffffffffffffffffffffffffffffff000000000000000000000001,-0x3,0xb4050a850c04b3abf54132565044b0b7d7bfd8ba270b39432355ffb4,0xffffffffffffffffffffffffffff16a2e0b8f03e13dd29455c5c2a3d,0x1,0xb70e0cbd6bb4bf7f321390b94a03c1d356c21122343280d6115c1d21,0xbd376388b5f723fb4c22dfe6cd4375a05a07476444d5819985007e34
x963,ansip256k1,256,0xfffffffffffffffffffffffffffffffffffffffffffffffffffffffefffffc2f,0x0,0x7,0xfffffffffffffffffffffffffffffffebaaedce6af48a03bbfd25e8cd0364141,0x1,0x79be667ef9dcbbac55a06295ce870b07029bfcdb2dce28d959f2815b16f81798,0x483ada7726a3c4655da4fbfc0e1108a8fd17b448a68554199c47d08ffb10d4b8
x963,ansip384r1,384,0xfffffffffffffffffffffffffffffffffffffffffffffffffffffffffffffffeffffffff0000000000000000ffffffff,-0x3,0xb3312fa7e23ee7e4988e056be3f82d19181d9c6efe8141120314088f5013875ac656398d8a2ed19d2a85c8edd3ec2aef,0xffffffffffffffffffffffffffffffffffffffffffffffffc7634d81f4372ddf581a0db248b0a77aecec196accc52973,0x1,0xaa87ca22be8b05378eb1c71ef320ad746e1d3b628ba79b9859f741e082542a385502f25dbf55296c3a545e3872760ab7,0x3617de4a96262c6f5d9e98bf9292dc29f8f41dbd289a147ce9da3113b5f0b8c00a60b1ce1d7e819d7a431d7c90ea0e5f
x963,ansip521r1,521,0x1ffffffffffffffffffffffffffffffffffffffffffffffffffffffffffffffffffffffffffffffffffffffffffffffffffffffffffffffffffffffffffffffffff,-0x3,0x51953eb9618e1c9a1f929a21a0b68540eea2da725b99b315f3b8b489918ef109e156193951ec7e937b1652c0bd3bb1bf073573df883d2c34f1ef451fd46b503f00,0x1fffffffffffffffffffffffffffffffffffffffffffffffffffffffffffffffffa51868783bf2f966b7fcc0148f709a5d03bb5c9b8899c47aebb6fb71e91386409,0x1,0xc6858e06b70404e9cd9e3ecb662395b4429c648139053fb521f828af606b4d3dbaa14b5e77efe75928fe1dc127a2ffa8de3348b3c1856a429bf97e7e31c2e5bd66,0x11839296a789a3bc0045c8a5fb42c7d1bd998f54449579b446817afbd17273e662c97ee72995ef42640c550b9013fad0761353c7086a272c24088be94769fd16650
x962,prime192v1,192,0xfffffffffffffffffffffffffffffffeffffffffffffffff,-0x3,0x64210519e59c80e70fa7e9ab72243049feb8deecc146b9b1,0xffffffffffffffffffffffff99def836146bc9b1b4d22831,0x1,0x188da80eb03090f67cbf20eb43a18800f4ff0afd82ff1012,0x7192b95ffc8da78631011ed6b24cdd573f977a11e794811
x962,prime192v2,192,0xfffffffffffffffffffffffffffffffeffffffffffffffff,-0x3,0xcc22d6dfb95c6b25e49c0d6364a4e5980c393aa21668d953,0xfffffffffffffffffffffffe5fb1a724dc80418648d8dd31,0x1,0xeea2bae7e1497842f2de7769cfe9c989c072ad696f48034a,0x6574d11d69b6ec7a672bb82a083df2f2b0847de970b2de15
x962,prime192v3,192,0xfffffffffffffffffffffffffffffffeffffffffffffffff,-0x3,0x22123dc2395a05caa7423daeccc94760a7d462256bd56916,0xffffffffffffffffffffffff7a62d031c83f4294f640ec13,0x1,0x7d29778100c65a1da1783716588dce2b8b4aee8e228f1896,0x38a90f22637337334b49dcb66a6dc8f9978aca7648a943b0
x962,prime239v1,239,0x7fffffffffffffffffffffff7fffffffffff8000000000007fffffffffff,-0x3,0x6b016c3bdcf18941d0d654921475ca71a9db2fb27d1d37796185c2942c0a,0x7fffffffffffffffffffffff7fffff9e5e9a9f5d9071fbd1522688909d0b,0x1,0xffa963cdca8816ccc33b8642bedf905c3d358573d3f27fbbd3b3cb9aaaf,0x7debe8e4e90a5dae6e4054ca530ba04654b36818ce226b39fccb7b02f1ae
x962,prime239v2,239,0x7fffffffffffffffffffffff7fffffffffff8000000000007fffffffffff,-0x3,0x617fab6832576cbbfed50d99f0249c3fee58b94ba0038c7ae84c8c832f2c,0x7fffffffffffffffffffffff800000cfa7e8594377d414c03821bc582063,0x1,0x38af09d98727705120c921bb5e9e26296a3cdcf2f35757a0eafd87b830e7,0x5b0125e4dbea0ec7206da0fc01d9b081329fb555de6ef460237dff8be4ba
x962,prime239v3,239,0x7fffffffffffffffffffffff7fffffffffff8000000000007fffffffffff,-0x3,0x255705fa2a306654b1f4cb03d6a750a30c250102d4988717d9ba15ab6d3e,0x7fffffffffffffffffffffff7fffff975deb41b3a6057c3c432146526551,0x1,0x6768ae8e18bb92cfcf005c949aa2c6d94853d0e660bbf854b1c9505fe95a,0x1607e6898f390c06bc1d552bad226f3b6fcfe48b6e818499af18e3ed6cf3
x962,prime256v1,256,0xffffffff00000001000000000000000000000000ffffffffffffffffffffffff,-0x3,0x5ac635d8aa3a93e7b3ebbd55769886bc651d06b0cc53b0f63bce3c3e27d2604b,0xffffffff00000000ffffffffffffffffbce6faada7179e84f3b9cac2fc632551,0x1,0x6b17d1f2e12c4247f8bce6e563a440f277037d812deb33a0f4a13945d898c296,0x4fe342e2fe1a7f9b8ee7eb4a7c0f9e162bce33576b315ececbb6406837bf51f5
anssi,FRP256v1,256,0xf1fd178c0b3ad58f10126de8ce42435b3961adbcabc8ca6de8fcf353d86e9c03,-0x3,0xee353fca5428a9300d4aba754a44c00fdfec0c9ae4b1a1803075ed967b7bb73f,0xf1fd178c0b3ad58f10126de8ce42435b53dc67e140d2bf941ffdd459c6d655e1,0x1,0xb6b3d4c356c139eb31183d4749d423958c27d2dcaf98b70164c97a2dd98f5cff,0x6142e0f7c8b204911f9271f0f3ecef8c2701c307e8e4c9e183115a1554062cfb
bls,BLS12-377,377,0x1ae3a4617c510eac63b05c06ca1493b1a22d9f300f5138f1ef3622fba094800170b5d44300000008508c00000000001,0x0,0x1,0x12ab655e9a2ca55660b44d1e5c37b00159aa76fed00000010a11800000000001,0x170b5d44300000000000000000000000,0x8848defe740a67c8fc6225bf87ff5485951e2caa9d41bb188282c8bd37cb5cd5481512ffcd394eeab9b16eb21be9ef,0x1914a69c5102eff1f674f5d30afeec4bd7fb348ca3e52d96d182ad44fb82305c2fe3d3634a9591afd82de55559c8ea6
bls,BLS12-381,381,0x1a0111ea397fe69a4b1ba7b6434bacd764774b84f38512bf6730d2a0f6b0f6241eabfffeb153ffffb9feffffffffaaab,0x0,0x4,0x73eda753299d7d483339d80809a1d80553bda402fffe5bfeffffffff00000001,0x396c8c005555e1568c00aaab0000aaab,0x17f1d3a73197d7942695638c4fa9ac0fc3688c4f9774b905a14e3a3f171bac586c55e83ff97a1aeffb3af00adb22c6bb,0x8b3f481e3aaa0f1a09e30ed741d8ae4fcf5e095d5d00af600db18cb2c04b3edd03cc744a2888ae40caa232946c5e7e1
bls,BLS12-446,446,0x3cdee0fb28c5e535200fc34965aad6400095a4b78a02fe320f75a64bbac71602824e6dc3e23acdee56ee4528c573b5cc311c0026aab0aaab,0x0,0x1,0x511b70539f27995b34995830fa4d04c98ccc4c050bc7bb9b0e8d8ca34610428001400040001,0xc02082602b0055d560ab0ad5aaaac0002aaac,0x297792b2d03de39d64faca6d49fcf7a8850144ca24fc5d815c082a3aa87d1a16929e56228c136123ba51421ae89cacd5b4789a38ce39035a,0xdc40ddcbab2823a7870b5c688aa04fee40369d913e4f2f0947a152fe1c27a79b7f787e9c35b869c3846fac4f12a70d0fe22d2e244268cc
bls,BLS12-455,455,0x55555955557955572aa00e0f95b49203003f665e3a5b1d56234bd93954fcb314b8b3db9994ace86d1ba6c589556b2aa956aaa00001800002ab,0x0,0xa,0x10000080000380002e0000f10004f00025e000750001d1000a00000400001c00007ffffc00001,0x555556aaaab15555b54aab6a9557ffaabffaab,0x3018df4c2336d178e6ea61540353aba01923e3890b3295848906dfc90e0c43008e4751ffc913dc1ff3df33d11db57bada7a9297195acfb2fa,0x19a8a9c4c3ac2ffb4c6b380d17b8282e029615052eaa6416c16c8f36f251d87c272657f0702cc58c4e072628d7bad3c0e9b3a8aebfc6b2357c
bls,BLS12-638,638,0x3cb868653d300b3fe80015554dd25db0fc01dcde95d4000000631bbd421715013955555555529c005c75d6c2ab00000000000ac79600d2abaaaaaaaaaaaaaa93eaf3ff000aaaaaaaaaaaaaaabeab000b,0x0,0x4,0x50f94035ff4000fffffffffff9406bfdc0040000000000000035fb801dffbfffffffffffffff401bff80000000000000000000ffc01,0xbff8001555555555555555554d957eaaaaaaaaaaaaaaaaaaaabeb,0x160f63a3a3b297f113075ed79466138e85b025f7fe724b78e32d7afc4d734bdd54f871092b8d1966d491c0f45a48a8bba5586095dffcc1410b7e26ed16baf98c1117959134c24a17a7be31e1afbf844f,0x2d340b33877480a9785e86ed2edcafc170b82568cb21b708b79fc6da3748461fcd80697e486695f3cae76fcb1781e784f6812f57be05dfc850426650ded8b40a464b00a35718228ec8e02b52b59d876e
bls,BLS24-477,477,0x167278fac63bd5b007ebb8f693a2ab3dbd9f92cf437c399d928e94bfe9a04a009fda9e8cf9226901de62aea9dcea48bf1a0ebbf8860a5e7ad000152b,0x0,0x4,0x57f52ee445cc41781fcd53d13e45f6acdfe4f9f2a3cd414e71238afc9fcfc7d38caef64f4ff79f90013ffffff0000001,0x41550aaac04b3fd5000015ab,0x15dfd8e4893a408a34b600532b51cc86cab3af07103cfcf3ec7b9af836904cfb60ab0fa8ac91ee6255e5ef6286fa0c24df9d76ea50599c2e103e40ad,0xa683957a59b1b488fa657e11b44815056bde33c09d6aad392d299f89c7841b91a683bf01b7e70547e48e0fbe1ca9e991983131470f886ba9b6fce2e
bn,bn158,158,0x24240d8241d5445106c8442084001384e0000013,0x0,0x11,0x24240d8241d5445106c7e3f07e0010842000000d,0x1,0x24240d8241d5445106c8442084001384e0000012,0x4
bn,bn190,190,0x240001b0000948001e60004134005f10005dc0003a800013,0x0,0x1001,0x240001b0000948001e600040d4005cd0005760003180000d,0x1,0x240001b0000948001e60004134005f10005dc0003a800012,0x40
bn,bn222,222,0x23dc0d7dc02402cde486f4c00015b5215c0000004c6ce00000000067,0x0,0x101,0x23dc0d7dc02402cde486f4c00015555156000000496da00000000061,0x1,0x23dc0d7dc02402cde486f4c00015b5215c0000004c6ce00000000066,0x10
bn,bn254,254,0x2523648240000001ba344d80000000086121000000000013a700000000000013,0x0,0x2,0x2523648240000001ba344d8000000007ff9f800000000010a10000000000000d,0x1,0x2523648240000001ba344d80000000086121000000000013a700000000000012,0x1
bn,bn286,286,0x240900d8991b25b0e2cb51dda534a205391892080a008108000853813800138000000013,0x0,0x2,0x240900d8991b25b0e2cb51dda534a205391831fc099fc0fc0007f081080010800000000d,0x1,0x240900d8991b25b0e2cb51dda534a205391892080a008108000853813800138000000012,0x1
bn,bn318,318,0x24009000d800900024075015f015f0075000008f411e808f4000000004e484e4800000000000101b,0x0,0x2,0x24009000d800900024075015f015f0075000008ee11dc08ee000000004db84db8000000000000fe5,0x1,0x24009000d800900024075015f015f0075000008f411e808f4000000004e484e4800000000000101a,0x1
bn,bn350,350,0x23ffb80035ffee24020a01cafd738ec3f24b475ebc0ad0f6a0530fd78443fdf01a3ff64084000004e0000013,0x0,0x2,0x23ffb80035ffee24020a01cafd738ec3f24b475ebc0a70f70052f7d78413fe08173ff7c07e0000042000000d,0x1,0x23ffb80035ffee24020a01cafd738ec3f24b475ebc0ad0f6a0530fd78443fdf01a3ff64084000004e0000012,0x1
bn,bn382,382,0x240026400f3d82b2e42de125b00158405b710818ac00000840046200950400000000001380052e000000000000000013,0x0,0x2,0x240026400f3d82b2e42de125b00158405b710818ac000007e0042f008e3e00000000001080046200000000000000000d,0x1,0x240026400f3d82b2e42de125b00158405b710818ac00000840046200950400000000001380052e000000000000000012,0x1
bn,bn414,414,0x240024000d7ee23f2823ca035d31b144364c75e59aefff60544845142000765efff7c0000021138004dfffffd900000000000013,0x0,0x2,0x240024000d7ee23f2823ca035d31b144364c75e59aefff605447e513f00070607ff82000001f9080041fffffdf0000000000000d,0x1,0x240024000d7ee23f2823ca035d31b144364c75e59aefff60544845142000765efff7c0000021138004dfffffd900000000000012,0x1
bn,bn446,446,0x2400000000000000002400000002d00000000d800000021c0000001800000000870000000b0400000057c00000015c000000132000000067,0x0,0x101,0x2400000000000000002400000002d00000000d800000021c00000017a0000000870000000ad400000054c000000156000000126000000061,0x1,0x2400000000000000002400000002d00000000d800000021c0000001800000000870000000b0400000057c00000015c000000132000000066,0x10
bn,bn478,478,0x23fffffffffffffedfffffffee0001b3600000006bfff5db835fff5d28085442328002888f96f2944d7ded781430ffd780065fff010020fffd900013,0x0,0x2,0x23fffffffffffffedfffffffee0001b3600000006bfff5db835fff5d2807f442328002888f9872944d7e0578112f7fd780062fff07001f7ffdf0000d,0x1,0x23fffffffffffffedfffffffee0001b3600000006bfff5db835fff5d28085442328002888f96f2944d7ded781430ffd780065fff010020fffd900012,0x1
bn,bn510,510,0x2400000000000000003f000000000001b0002958000000000237000c0f0000084000f8100151a400073800242d00001380019440000000000888000000000013,0x0,0x101,0x2400000000000000003f000000000001b0002958000000000237000c0f000007e000f8100151a40006e400242d000010800181e000000000073800000000000d,0x1,0x2400000000000000003f000000000001b0002958000000000237000c0f0000084000f8100151a400073800242d00001380019440000000000888000000000012,0x10
bn,bn542,542,0x2400090000d80009000024000090001b01b1b051090510001b00d8001b0510d8a2084511080008d000090510005110800108138025380001b00000084000001380000013,0x0,0x2,0x2400090000d80009000024000090001b01b1b051090510001b00d8001b0510d8a207e510fc0008700009051000510fc000fc108025080001b0000007e00000108000000d,0x1,0x2400090000d80009000024000090001b01b1b051090510001b00d8001b0510d8a2084511080008d000090510005110800108138025380001b00000084000001380000012,0x1
bn,bn574,574,0x2400023ffffb7fff4c00002400167fffee01aee014423faefffb5c000a200050ffff2808400041fffe73fff7c000210000000000001380004dfffd90000000000000000000000013,0x0,0x2,0x2400023ffffb7fff4c00002400167fffee01aee014423faefffb5c000a200050ffff2807e0003efffe85fff820001f80000000000010800041fffdf000000000000000000000000d,0x1,0x2400023ffffb7fff4c00002400167fffee01aee014423faefffb5c000a200050ffff2808400041fffe73fff7c000210000000000001380004dfffd90000000000000000000000012,0x1
bn,bn606,606,0x23fffffffffffee00000000000036000000241affb7ffffff275e0024000001b1440000d94482df27fffc9aedf0000000036512100245142137fffffb75d7bd900000000000000246c844e13,0x0,0x2,0x23fffffffffffee00000000000036000000241affb7ffffff275e0024000001b1440000d9447cdf27fffc9aee08000000036511f8024513f107fffffb75d81df00000000000000246c7e420d,0x1,0x23fffffffffffee00000000000036000000241affb7ffffff275e0024000001b1440000d94482df27fffc9aedf0000000036512100245142137fffffb75d7bd900000000000000246c844e12,0x1
bn,bn638,638,0x23fffffdc000000d7fffffb8000001d3fffff942d000165e3fff94870000d52ffffdd0e00008de55c00086520021e55bfffff51ffff4eb800000004c80015acdffffffffffffece00000000000000067,0x0,0x101,0x23fffffdc000000d7fffffb8000001d3fffff942d000165e3fff94870000d52ffffdd0e00008de55600086550021e555fffff54ffff4eac000000049800154d9ffffffffffffeda00000000000000061,0x1,0x23fffffdc000000d7fffffb8000001d3fffff942d000165e3fff94870000d52ffffdd0e00008de55c00086520021e55bfffff51ffff4eb800000004c80015acdffffffffffffece00000000000000066,0x10
brainpool,brainpoolP160r1,160,0xe95e4a5f737059dc60dfc7ad95b3d8139515620f,0x340e7be2a280eb74e2be61bada745d97e8f7c300,0x1e589a8595423412134faa2dbdec95c8d8675e58,0xe95e4a5f737059dc60df5991d45029409e60fc09,0x1,0xbed5af16ea3f6a4f62938c4631eb5af7bdbcdbc3,0x1667cb477a1a8ec338f94741669c976316da6321
brainpool,brainpoolP160t1,160,0xe95e4a5f737059dc60dfc7ad95b3d8139515620f,-0x3,0x7a556b6dae535b7b51ed2c4d7daa7a0b5c55f380,0xe95e4a5f737059dc60df5991d45029409e60fc09,0x1,0xb199b13b9b34efc1397e64baeb05acc265ff2378,0xadd6718b7c7c1961f0991b842443772152c9e0ad
brainpool,brainpoolP192r1,192,0xc302f41d932a36cda7a3463093d18db78fce476de1a86297,0x6a91174076b1e0e19c39c031fe8685c1cae040e5c69a28ef,0x469a28ef7c28cca3dc721d044f4496bcca7ef4146fbf25c9,0xc302f41d932a36cda7a3462f9e9e916b5be8f1029ac4acc1,0x1,0xc0a0647eaab6a48753b033c56cb0f0900a2f5c4853375fd6,0x14b690866abd5bb88b5f4828c1490002e6773fa2fa299b8f
brainpool,brainpoolP192t1,192,0xc302f41d932a36cda7a3463093d18db78fce476de1a86297,-0x3,0x13d56ffaec78681e68f9deb43b35bec2fb68542e27897b79,0xc302f41d932a36cda7a3462f9e9e916b5be8f1029ac4acc1,0x1,0x3ae9e58c82f63c30282e1fe7bbf43fa72c446af6f4618129,0x97e2c5667c2223a902ab5ca449d0084b7e5b3de7ccc01c9
brainpool,brainpoolP224r1,224,0xd7c134aa264366862a18302575d1d787b09f075797da89f57ec8c0ff,0x68a5e62ca9ce6c1c299803a6c1530b514e182ad8b0042a59cad29f43,0x2580f63ccfe44138870713b1a92369e33e2135d266dbb372386c400b,0xd7c134aa264366862a18302575d0fb98d116bc4b6ddebca3a5a7939f,0x1,0xd9029ad2c7e5cf4340823b2a87dc68c9e4ce3174c1e6efdee12c07d,0x58aa56f772c0726f24c6b89e4ecdac24354b9e99caa3f6d3761402cd
brainpool,brainpoolP224t1,224,0xd7c134aa264366862a18302575d1d787b09f075797da89f57ec8c0ff,-0x3,0x4b337d934104cd7bef271bf60ced1ed20da14c08b3bb64f18a60888d,0xd7c134aa264366862a18302575d0fb98d116bc4b6ddebca3a5a7939f,0x1,0x6ab1e344ce25ff3896424e7ffe14762ecb49f8928ac0c76029b4d580,0x374e9f5143e568cd23f3f4d7c0d4b1e41c8cc0d1c6abd5f1a46db4c
brainpool,brainpoolP256r1,256,0xa9fb57dba1eea9bc3e660a909d838d726e3bf623d52620282013481d1f6e5377,0x7d5a0975fc2c3057eef67530417affe7fb8055c126dc5c6ce94a4b44f330b5d9,0x26dc5c6ce94a4b44f330b5d9bbd77cbf958416295cf7e1ce6bccdc18ff8c07b6,0xa9fb57dba1eea9bc3e660a909d838d718c397aa3b561a6f7901e0e82974856a7,0x1,0x8bd2aeb9cb7e57cb2c4b482ffc81b7afb9de27e1e3bd23c23a4453bd9ace3262,0x547ef835c3dac4fd97f8461a14611dc9c27745132ded8e545c1d54c72f046997
brainpool,brainpoolP256t1,256,0xa9fb57dba1eea9bc3e660a909d838d726e3bf623d52620282013481d1f6e5377,-0x3,0x662c61c430d84ea4fe66a7733d0b76b7bf93ebc4af2f49256ae58101fee92b04,0xa9fb57dba1eea9bc3e660a909d838d718c397aa3b561a6f7901e0e82974856a7,0x1,0xa3e8eb3cc1cfe7b7732213b23a656149afa142c47aafbc2b79a191562e1305f4,0x2d996c823439c56d7f7b22e14644417e69bcb6de39d027001dabe8f35b25c9be
brainpool,brainpoolP320r1,320,0xd35e472036bc4fb7e13c785ed201e065f98fcfa6f6f40def4f92b9ec7893ec28fcd412b1f1b32e27,0x3ee30b568fbab0f883ccebd46d3f3bb8a2a73513f5eb79da66190eb085ffa9f492f375a97d860eb4,0x520883949dfdbc42d3ad198640688a6fe13f41349554b49acc31dccd884539816f5eb4ac8fb1f1a6,0xd35e472036bc4fb7e13c785ed201e065f98fcfa5b68f12a32d482ec7ee8658e98691555b44c59311,0x1,0x43bd7e9afb53d8b85289bcc48ee5bfe6f20137d10a087eb6e7871e2a10a599c710af8d0d39e20611,0x14fdd05545ec1cc8ab4093247f77275e0743ffed117182eaa9c77877aaac6ac7d35245d1692e8ee1
brainpool,brainpoolP320t1,320,0xd35e472036bc4fb7e13c785ed201e065f98fcfa6f6f40def4f92b9ec7893ec28fcd412b1f1b32e27,-0x3,0xa7f561e038eb1ed560b3d147db782013064c19f27ed27c6780aaf77fb8a547ceb5b4fef422340353,0xd35e472036bc4fb7e13c785ed201e065f98fcfa5b68f12a32d482ec7ee8658e98691555b44c59311,0x1,0x925be9fb01afc6fb4d3e7d4990010f813408ab106c4f09cb7ee07868cc136fff3357f624a21bed52,0x63ba3a7a27483ebf6671dbef7abb30ebee084e58a0b077ad42a5a0989d1ee71b1b9bc0455fb0d2c3
brainpool,brainpoolP384r1,384,0x8cb91e82a3386d280f5d6f7e50e641df152f7109ed5456b412b1da197fb71123acd3a729901d1a71874700133107ec53,0x7bc382c63d8c150c3c72080ace05afa0c2bea28e4fb22787139165efba91f90f8aa5814a503ad4eb04a8c7dd22ce2826,0x4a8c7dd22ce28268b39b55416f0447c2fb77de107dcd2a62e880ea53eeb62d57cb4390295dbc9943ab78696fa504c11,0x8cb91e82a3386d280f5d6f7e50e641df152f7109ed5456b31f166e6cac0425a7cf3ab6af6b7fc3103b883202e9046565,0x1,0x1d1c64f068cf45ffa2a63a81b7c13f6b8847a3e77ef14fe3db7fcafe0cbd10e8e826e03436d646aaef87b2e247d4af1e,0x8abe1d7520f9c2a45cb1eb8e95cfd55262b70b29feec5864e19c054ff99129280e4646217791811142820341263c5315
brainpool,brainpoolP384t1,384,0x8cb91e82a3386d280f5d6f7e50e641df152f7109ed5456b412b1da197fb71123acd3a729901d1a71874700133107ec53,-0x3,0x7f519eada7bda81bd826dba647910f8c4b9346ed8ccdc64e4b1abd11756dce1d2074aa263b88805ced70355a33b471ee,0x8cb91e82a3386d280f5d6f7e50e641df152f7109ed5456b31f166e6cac0425a7cf3ab6af6b7fc3103b883202e9046565,0x1,0x18de98b02db9a306f2afcd7235f72a819b80ab12ebd653172476fecd462aabffc4ff191b946a5f54d8d0aa2f418808cc,0x25ab056962d30651a114afd2755ad336747f93475b7a1fca3b88f2b6a208ccfe469408584dc2b2912675bf5b9e582928
brainpool,brainpoolP512r1,512,0xaadd9db8dbe9c48b3fd4e6ae33c9fc07cb308db3b3c9d20ed6639cca703308717d4d9b009bc66842aecda12ae6a380e62881ff2f2d82c68528aa6056583a48f3,0x7830a3318b603b89e2327145ac234cc594cbdd8d3df91610a83441caea9863bc2ded5d5aa8253aa10a2ef1c98b9ac8b57f1117a72bf2c7b9e7c1ac4d77fc94ca,0x3df91610a83441caea9863bc2ded5d5aa8253aa10a2ef1c98b9ac8b57f1117a72bf2c7b9e7c1ac4d77fc94cadc083e67984050b75ebae5dd2809bd638016f723,0xaadd9db8dbe9c48b3fd4e6ae33c9fc07cb308db3b3c9d20ed6639cca70330870553e5c414ca92619418661197fac10471db1d381085ddaddb58796829ca90069,0x1,0x81aee4bdd82ed9645a21322e9c4c6a9385ed9f70b5d916c1b43b62eef4d0098eff3b1f78e2d0d48d50d1687b93b97d5f7c6d5047406a5e688b352209bcb9f822,0x7dde385d566332ecc0eabfa9cf7822fdf209f70024a57b1aa000c55b881f8111b2dcde494a5f485e5bca4bd88a2763aed1ca2b2fa8f0540678cd1e0f3ad80892
brainpool,brainpoolP512t1,512,0xaadd9db8dbe9c48b3fd4e6ae33c9fc07cb308db3b3c9d20ed6639cca703308717d4d9b009bc66842aecda12ae6a380e62881ff2f2d82c68528aa6056583a48f3,-0x3,0x7cbbbcf9441cfab76e1890e46884eae321f70c0bcb4981527897504bec3e36a62bcdfa2304976540f6450085f2dae145c22553b465763689180ea2571867423e,0xaadd9db8dbe9c48b3fd4e6ae33c9fc07cb308db3b3c9d20ed6639cca70330870553e5c414ca92619418661197fac10471db1d381085ddaddb58796829ca90069,0x1,0x640ece5c12788717b9c1ba06cbc2a6feba85842458c56dde9db1758d39c0313d82ba51735cdb3ea499aa77a7d6943a64f7a3f25fe26f06b51baa2696fa9035da,0x5b534bd595f5af0fa2c892376c84ace1bb4e3019b71634c01131159cae03cee9d9932184beef216bd71df2dadf86a627306ecff96dbb8bace198b61e00f8b332
gost,gost256,256,0x8000000000000000000000000000000000000000000000000000000000000431,0x7,0x5fbff498aa938ce739b8e022fbafef40563f6e6a3472fc2a514c0ce9dae23b7e,0x8000000000000000000000000000000150fe8a1892976154c59cfc193accf5b3,0x1,0x2,0x8e2a8a0e65147d4bd6316030e16d19c85c97f0a9ca267122b96abbcea7e8fc8
gost,gost512,512,0x4531acd1fe0023c7550d267b6b2fee80922b14b2ffb90f04d4eb7c09b5d2d15df1d852741af4704a0458047e80e4546d35b8336fac224dd81664bbf528be6373,0x7,0x1cff0806a31116da29d8cfa54e57eb748bc5f377e49400fdd788b649eca1ac4361834013b2ad7322480a89ca58e0cf74bc9e540c2add6897fad0a3084f302adc,0x4531acd1fe0023c7550d267b6b2fee80922b14b2ffb90f04d4eb7c09b5d2d15da82f2d7ecb1dbac719905c5eecc423f1d86e25edbe23c595d644aaf187e6e6df,0x1,0x24d19cc64572ee30f396bf6ebbfd7a6c5213b3b3d7057cc825f91093a68cd762fd60611262cd838dc6b60aa7eee804e28bc849977fac33b4b530f1b120248a9a,0x2bb312a43bd2ce6e0d020613c857acddcfbf061e91e5f2c3f32447c259f39b2c83ab156d77f1496bf7eb3351e1ee4e43dc1a18b91b24640b6dbb92cb1add371e
gost,id-GostR3410-2001-CryptoPro-A-ParamSet,256,0xfffffffffffffffffffffffffffffffffffffffffffffffffffffffffffffd97,-0x3,0xa6,0xffffffffffffffffffffffffffffffff6c611070995ad10045841b09b761b893,0x1,0x1,0x8d91e471e0989cda27df505a453f2b7635294f2ddf23e3b122acc99c9e9f1e14
gost,id-GostR3410-2001-CryptoPro-B-ParamSet,256,0x8000000000000000000000000000000000000000000000000000000000000c99,-0x3,0x3e1af419a269a5f866a7d3c25c3df80ae979259373ff2b182f49d4ce7e1bbc8b,0x800000000000000000000000000000015f700cfff1a624e5e497161bcc8a198f,0x1,0x1,0x3fa8124359f96680b83d1c3eb2c070e5c545c9858d03ecfb744bf8d717717efc
gost,id-GostR3410-2001-CryptoPro-C-ParamSet,256,0x9b9f605f5a858107ab1ec85e6b41c8aacf846e86789051d37998f7b9022d759b,-0x3,0x805a,0x9b9f605f5a858107ab1ec85e6b41c8aa582ca3511eddfb74f02f3a6598980bb9,0x1,0x0,0x41ece55743711a8c3cbf3783cd08c0ee4d4dc440d4641a8f366e550dfdb3bb67
gost,id-tc26-gost-3410-12-512-paramSetA,512,0xfffffffffffffffffffffffffffffffffffffffffffffffffffffffffffffffffffffffffffffffffffffffffffffffffffffffffffffffffffffffffffffdc7,-0x3,0xe8c2505dedfc86ddc1bd0b2b6667f1da34b82574761cb0e879bd081cfd0b6265ee3cb090f30d27614cb4574010da90dd862ef9d4ebee4761503190785a71c760,0xffffffffffffffffffffffffffffffffffffffffffffffffffffffffffffffff27e69532f48d89116ff22b8d4e0560609b4b38abfad2b85dcacdb1411f10b275,0x1,0x3,0x7503cfe87a836ae3a61b8816e25450e6ce5e1c93acf1abc1778064fdcbefa921df1626be4fd036e93d75e6a50e3a41e98028fe5fc235f5b889a589cb5215f2a4
gost,id-tc26-gost-3410-12-512-paramSetB,512,0x8000000000000000000000000000000000000000000000000000000000000000000000000000000000000000000000000000000000000000000000000000006f,-0x3,0x687d1b459dc841457e3e06cf6f5e2517b97c7d614af138bcbf85dc806c4b289f3e965d2db1416d217f8b276fad1ab69c50f78bee1fa3106efb8ccbc7c5140116,0x800000000000000000000000000000000000000000000000000000000000000149a1ec142565a545acfdb77bd9d40cfa8b996712101bea0ec6346c54374f25bd,0x1,0x2,0x1a8f7eda389b094c2c071e3647a8940f3c123b697578c213be6dd9e6c8ec7335dcb228fd1edf4a39152cbcaaf8c0398828041055f94ceeec7e21340780fe41bd
mnt,mnt1,170,0x26dccacc5041939206cf2b7dec50950e3c9fa4827af,0x22ffbb20cc052993fa27dc507800b624c650e4ff3d2,0x1c7be6fa8da953b5624efc72406af7fa77499803d08,0xa60fd646ad409b3312c3b23ba64e082ad7b354d,0x3be9,0x25a3ae778f7ef6586abae5acde21e54b6c64edf33d0,0x5b4ace33aa53c670ce35535d6c273698a182da557d
mnt,mnt2/1,159,0x5affffffffffff4b46081000000059bb1bf600b7,0x3dd24a7e5c0bdfaccc215e22760469c73ee9d879,0x478c31a992b294e19f6e4416f958646dddede5e3,0x5affffffffffff4b46081000000059bb1bf600b5,0x1,0x2725af3d7dea98cb9242ac6ddb9bd89bdcf38898,0x480b4184ed2c50c0230b4c73ca939c1b6b7f1103
mnt,mnt2/2,159,0x5affffffffffff4b46081000000059bb1bf600b7,0x7b29491c1a02cd87844f5098d0381f6c45d6523,0x41cc630bd66ac817d43358b108ad3d214037993c,0x5affffffffffff4b46081000000059bb1bf600b5,0x1,0xd76b3e1f1ed76a282fa99575d29ff2e587049e9,0x36e1557ed145ad409f924420e12f74a900fab054
mnt,mnt3/1,160,0x8afffffffffffeeb0fa77000000089f0dd49fac7,0x6d01fd0a017c62075ae999977379867e07f2a6d4,0x7701535c00fd965341d38bba4cfbdcf9a4651825,0x8afffffffffffeeb0fa77000000089f0dd49fac5,0x1,0x1781998103c3ca14ea76b9d3a700a53e1c784789,0x53352dde04447c25c9bb332a3c7634d3b8801f34
mnt,mnt3/2,160,0x8afffffffffffeeb0fa77000000089f0dd49fac7,0x5fbe0085bd2b23afcd5b9c7704aeed2bfdbe89e4,0x3fd4005928c76d1fde3d12fa031f48c7fe7f0698,0x8afffffffffffeeb0fa77000000089f0dd49fac5,0x1,0x494e297179d42c761701ab03b2e5bca98a24dfe7,0x3274201d6596252a780390a222e3763bbecfe5f1
mnt,mnt3/3,160,0x8afffffffffffeeb0fa77000000089f0dd49fac7,0x2ddf23acb05a91bda6ba9c20d7a584aa25075ce0,0x1f8125c46a31e79fd6cc25298b23ab130cd22b5a,0x8afffffffffffeeb0fa77000000089f0dd49fac5,0x1,0x3f710d05b65b5e16ae1b946d3fc582b16a927432,0x4a30945c64fd7f85e148ba816005468447616b1f
mnt,mnt4,240,0xa2ffffffffffffffffffffffffc298b00000000000000000000005c866cf,0x4be28760aa064734852cb4ff51ef2928a7a3cd75087c35cb1433714f7407,0x329704eb1c042f7858c878aa369f70c5c517de4e05a823dcb8224b8a4d5a,0xa2ffffffffffffffffffffffffc298b00000000000000000000005c866cd,0x1,0x82556d57811807a0d7675674b3d57222cfbf9a2a2a2cd146572d7b67627e,0x73afacea28dc870baa1d5b0bd4300ddd975e2eefc7c2db508fc2e92a8345
mnt,mnt5/1,240,0xd2fffffffffffffffffffffffe9058d000000000000000000000a0271007,0xd149265d4687dcab1f2046e0947e51ac5e8e7f25916d35539d4df2e9017a,0x489e7783a1f584712bd4f6d48cf2d1ca2c975678936e639083991c5fc369,0xd2fffffffffffffffffffffffe9058d000000000000000000000a0271005,0x1,0x1d871a744f1e02ed15d7d84abd95e80476e6307085f12dba27092ff06d60,0x5c0c8bae9661303107b0077949dee16a7f6dde4982657b9196de23d9f9d0
mnt,mnt5/2,240,0xd2fffffffffffffffffffffffe9058d000000000000000000000a0271007,0x26caaced434c5a4c2c9c1b09e0ddc167548a95516e7c81b20702485c9809,0x6031c89e2cdd91881dbd675beac3f3df8db1b8e0f45301215a01baf56ab3,0xd2fffffffffffffffffffffffe9058d000000000000000000000a0271005,0x1,0x16e55a2ef696238a7aaf19e51b6a81e1582f28b4bcb6575ab4e0331e569b,0x38de9844643fc9db3c568ec528983da16a177d56145a1d4bf88a2340d839
mnt,mnt5/3,240,0xd2fffffffffffffffffffffffe9058d000000000000000000000a0271007,0x44cfc0f3bc92ec82f818b443b564cf25dee3ebae7902e370f9e80283d3bd,0x2ddfd5f7d30c9daca565cd8278eddf6e9497f27450ac97a0a69aac57e27e,0xd2fffffffffffffffffffffffe9058d000000000000000000000a0271005,0x1,0xb071579c8cc322dc7fdce378e5b539b4b7580823aba3cfdd6637cbfa0bbb,0x15d1b75795732b1e2db1efa55cdbb19357e0aa0422cc03b442809339cf02
nist,P-192,192,0xfffffffffffffffffffffffffffffffeffffffffffffffff,-0x3,0x64210519e59c80e70fa7e9ab72243049feb8deecc146b9b1,0xffffffffffffffffffffffff99def836146bc9b1b4d22831,0x1,0x188da80eb03090f67cbf20eb43a18800f4ff0afd82ff1012,0x7192b95ffc8da78631011ed6b24cdd573f977a11e794811
nist,P-224,224,0xffffffffffffffffffffffffffffffff000000000000000000000001,-0x3,0xb4050a850c04b3abf54132565044b0b7d7bfd8ba270b39432355ffb4,0xffffffffffffffffffffffffffff16a2e0b8f03e13dd29455c5c2a3d,0x1,0xb70e0cbd6bb4bf7f321390b94a03c1d356c21122343280d6115c1d21,0xbd376388b5f723fb4c22dfe6cd4375a05a07476444d5819985007e34
nist,P-256,256,0xffffffff00000001000000000000000000000000ffffffffffffffffffffffff,-0x3,0x5ac635d8aa3a93e7b3ebbd55769886bc651d06b0cc53b0f63bce3c3e27d2604b,0xffffffff00000000ffffffffffffffffbce6faada7179e84f3b9cac2fc632551,0x1,0x6b17d1f2e12c4247f8bce6e563a440f277037d812deb33a0f4a13945d898c296,0x4fe342e2fe1a7f9b8ee7eb4a7c0f9e162bce33576b315ececbb6406837bf51f5
nist,P-384,384,0xfffffffffffffffffffffffffffffffffffffffffffffffffffffffffffffffeffffffff0000000000000000ffffffff,-0x3,0xb3312fa7e23ee7e4988e056be3f82d19181d9c6efe8141120314088f5013875ac656398d8a2ed19d2a85c8edd3ec2aef,0xffffffffffffffffffffffffffffffffffffffffffffffffc7634d81f4372ddf581a0db248b0a77aecec196accc52973,0x1,0xaa87ca22be8b05378eb1c71ef320ad746e1d3b628ba79b9859f741e082542a385502f25dbf55296c3a545e3872760ab7,0x3617de4a96262c6f5d9e98bf9292dc29f8f41dbd289a147ce9da3113b5f0b8c00a60b1ce1d7e819d7a431d7c90ea0e5f
nist,P-521,521,0x1ffffffffffffffffffffffffffffffffffffffffffffffffffffffffffffffffffffffffffffffffffffffffffffffffffffffffffffffffffffffffffffffffff,-0x3,0x51953eb9618e1c9a1f929a21a0b68540eea2da725b99b315f3b8b489918ef109e156193951ec7e937b1652c0bd3bb1bf073573df883d2c34f1ef451fd46b503f00,0x1fffffffffffffffffffffffffffffffffffffffffffffffffffffffffffffffffa51868783bf2f966b7fcc0148f709a5d03bb5c9b8899c47aebb6fb71e91386409,0x1,0xc6858e06b70404e9cd9e3ecb662395b4429c648139053fb521f828af606b4d3dbaa14b5e77efe75928fe1dc127a2ffa8de3348b3c1856a429bf97e7e31c2e5bd66,0x11839296a789a3bc0045c8a5fb42c7d1bd998f54449579b446817afbd17273e662c97ee72995ef42640c550b9013fad0761353c7086a272c24088be94769fd16650
nums,numsp256d1,256,0xffffffffffffffffffffffffffffffffffffffffffffffffffffffffffffff43,-0x3,0x25581,0xffffffffffffffffffffffffffffffffe43c8275ea265c6020ab20294751a825,0x1,0x1,0x696f1853c1e466d7fc82c96cceeedd6bd02c2f9375894ec10bf46306c2b56c77
nums,numsp384d1,384,0xfffffffffffffffffffffffffffffffffffffffffffffffffffffffffffffffffffffffffffffffffffffffffffffec3,-0x3,-0x8708,0xffffffffffffffffffffffffffffffffffffffffffffffffd61eaf1eeb5d6881beda9d3d4c37e27a604d81f67b0e61b9,0x1,0x2,0x3c9f82cb4b87b4dc71e763e0663e5dbd8034ed422f04f82673330dc58d15ffa2b4a3d0bad5d30f865bcbbf503ea66f43
nums,numsp512d1,512,0xfffffffffffffffffffffffffffffffffffffffffffffffffffffffffffffffffffffffffffffffffffffffffffffffffffffffffffffffffffffffffffffdc7,-0x3,0x1d99b,0xffffffffffffffffffffffffffffffffffffffffffffffffffffffffffffffff5b3ca4fb94e7831b4fc258ed97d0bdc63b568b36607cd243ce153f390433555d,0x1,0x2,0x1c282eb23327f9711952c250ea61ad53fcc13031cf6dd336e0b9328433afbdd8cc5a1c1f0c716fdc724dde537c2b0adb00bb3d08dc83755b205cc30d7f83cf28
nums,w-254-mont,254,0x3f80ffffffffffffffffffffffffffffffffffffffffffffffffffffffffffff,-0x3,-0x2f72,0x3f80ffffffffffffffffffffffffffffeb818bea0da375c06fa419c4af8df83f,0x1,,
nums,w-255-mers,255,0x7ffffffffffffffffffffffffffffffffffffffffffffffffffffffffffffd03,-0x3,-0x51bd,0x7fffffffffffffffffffffffffffffff864a38283ad2b3dfab8fac983c594aeb,0x1,,
nums,w-256-mont,256,0xffa7ffffffffffffffffffffffffffffffffffffffffffffffffffffffffffff,-0x3,0x14e6a,0xffa7fffffffffffffffffffffffffffffc517513e6e5074b9d10c5e1a79857eb,0x1,,
nums,w-382-mont,382,0x3ffaffffffffffffffffffffffffffffffffffffffffffffffffffffffffffffffffffffffffffffffffffffffffffff,-0x3,-0x20a72,0x3ffaffffffffffffffffffffffffffffffffffffffffffffa6eb1cff4bde214d73b321ffd8e82cd160ab86803ebb301d,0x1,,
nums,w-383-mers,383,0x7ffffffffffffffffffffffffffffffffffffffffffffffffffffffffffffffffffffffffffffffffffffffffffffe5b,-0x3,0x17dbc,0x7fffffffffffffffffffffffffffffffffffffffffffffffa9caf814a8a116ad9fb0b4035417aaf319297fc0bb7a439f,0x1,,
nums,w-384-mont,384,0xb0ffffffffffffffffffffffffffffffffffffffffffffffffffffffffffffffffffffffffffffffffffffffffffffff,-0x3,0x6c96,0xb0ffffffffffffffffffffffffffffffffffffffffffffffba9b7f14ca7512537a4edcd38a7c41da29be4894b298eebb,0x1,,
nums,w-510-mont,510,0x3eddffffffffffffffffffffffffffffffffffffffffffffffffffffffffffffffffffffffffffffffffffffffffffffffffffffffffffffffffffffffffffff,-0x3,0x988d,0x3eddffffffffffffffffffffffffffffffffffffffffffffffffffffffffffffb9146ccde150ef33747ab29d1e6573d8d22de95e322303f3a00b200986fa9a2d,0x1,,
nums,w-511-mers,511,0x7ffffffffffffffffffffffffffffffffffffffffffffffffffffffffffffffffffffffffffffffffffffffffffffffffffffffffffffffffffffffffffffe1f,-0x3,0x879da,0x7fffffffffffffffffffffffffffffffffffffffffffffffffffffffffffffff8dbefa3f5ed9d839a2d4fe6ff516e87fa8d3e656a0f99fa1f0105f73b3b9d19f,0x1,,
nums,w-512-mont,512,0xfe14ffffffffffffffffffffffffffffffffffffffffffffffffffffffffffffffffffffffffffffffffffffffffffffffffffffffffffffffffffffffffffff,-0x3,0x185ed,0xfe14ffffffffffffffffffffffffffffffffffffffffffffffffffffffffffff638a8d792ee750298064aaf0b8498e61df3d3995064ed73b939628f17e98fdc9,0x1,,
oscaa,SM2,256,0xfffffffeffffffffffffffffffffffffffffffff00000000ffffffffffffffff,-0x3,0x28e9fa9e9d9f5e344d5a9e4bcf6509a7f39789f515ab8f92ddbcbd414d940e93,0xfffffffeffffffffffffffffffffffff7203df6b21c6052b53bbf40939d54123,0x1,0x32c4ae2c1f1981195f9904466a39c9948fe30bbff2660be1715a4589334c74c7,0xbc3736a2f4f6779c59bdcee36b692153d0a9877cc62a474002df32e52139f0a0
oakley,192-bit Random ECP Group,192,0xfffffffffffffffffffffffffffffffeffffffffffffffff,-0x3,0x64210519e59c80e70fa7e9ab72243049feb8deecc146b9b1,0xffffffffffffffffffffffff99def836146bc9b1b4d22831,0x1,0x188da80eb03090f67cbf20eb43a18800f4ff0afd82ff1012,0x7192b95ffc8da78631011ed6b24cdd573f977a11e794811
oakley,224-bit Random ECP Group,224,0xffffffffffffffffffffffffffffffff000000000000000000000001,-0x3,0xb4050a850c04b3abf54132565044b0b7d7bfd8ba270b39432355ffb4,0xffffffffffffffffffffffffffff16a2e0b8f03e13dd29455c5c2a3d,0x1,0xb70e0cbd6bb4bf7f321390b94a03c1d356c21122343280d6115c1d21,0xbd376388b5f723fb4c22dfe6cd4375a05a07476444d5819985007e34
oakley,256-bit Random ECP Group,256,0xffffffff00000001000000000000000000000000ffffffffffffffffffffffff,-0x3,0x5ac635d8aa3a93e7b3ebbd55769886bc651d06b0cc53b0f63bce3c3e27d2604b,0xffffffff00000000ffffffffffffffffbce6faada7179e84f3b9cac2fc632551,0x1,0x6b17d1f2e12c4247f8bce6e563a440f277037d812deb33a0f4a13945d898c296,0x4fe342e2fe1a7f9b8ee7eb4a7c0f9e162bce33576b315ececbb6406837bf51f5
oakley,384-bit Random ECP Group,384,0xfffffffffffffffffffffffffffffffffffffffffffffffffffffffffffffffeffffffff0000000000000000ffffffff,-0x3,0xb3312fa7e23ee7e4988e056be3f82d19181d9c6efe8141120314088f5013875ac656398d8a2ed19d2a85c8edd3ec2aef,0xffffffffffffffffffffffffffffffffffffffffffffffffc7634d81f4372ddf581a0db248b0a77aecec196accc52973,0x1,0xaa87ca22be8b05378eb1c71ef320ad746e1d3b628ba79b9859f741e082542a385502f25dbf55296c3a545e3872760ab7,0x3617de4a96262c6f5d9e98bf9292dc29f8f41dbd289a147ce9da3113b5f0b8c00a60b1ce1d7e819d7a431d7c90ea0e5f
oakley,521-bit Random ECP Group,521,0x1ffffffffffffffffffffffffffffffffffffffffffffffffffffffffffffffffffffffffffffffffffffffffffffffffffffffffffffffffffffffffffffffffff,-0x3,0x51953eb9618e1c9a1f929a21a0b68540eea2da725b99b315f3b8b489918ef109e156193951ec7e937b1652c0bd3bb1bf073573df883d2c34f1ef451fd46b503f00,0x1fffffffffffffffffffffffffffffffffffffffffffffffffffffffffffffffffa51868783bf2f966b7fcc0148f709a5d03bb5c9b8899c47aebb6fb71e91386409,0x1,0xc6858e06b70404e9cd9e3ecb662395b4429c648139053fb521f828af606b4d3dbaa14b5e77efe75928fe1dc127a2ffa8de3348b3c1856a429bf97e7e31c2e5bd66,0x11839296a789a3bc0045c8a5fb42c7d1bd998f54449579b446817afbd17273e662c97ee72995ef42640c550b9013fad0761353c7086a272c24088be94769fd16650
secg,secp112r1,112,0xdb7c2abf62e35e668076bead208b,-0x3,0x659ef8ba043916eede8911702b22,0xdb7c2abf62e35e7628dfac6561c5,0x1,0x9487239995a5ee76b55f9c2f098,0xa89ce5af8724c0a23e0e0ff77500
secg,secp112r2,112,0xdb7c2abf62e35e668076bead208b,0x6127c24c05f38a0aaaf65c0ef02c,0x51def1815db5ed74fcc34c85d709,0x36df0aafd8b8d7597ca10520d04b,0x4,0x4ba30ab5e892b4e1649dd0928643,0xadcd46f5882e3747def36e956e97
secg,secp128r1,128,0xfffffffdffffffffffffffffffffffff,-0x3,0xe87579c11079f43dd824993c2cee5ed3,0xfffffffe0000000075a30d1b9038a115,0x1,0x161ff7528b899b2d0c28607ca52c5b86,0xcf5ac8395bafeb13c02da292dded7a83
secg,secp128r2,128,0xfffffffdffffffffffffffffffffffff,0xd6031998d1b3bbfebf59cc9bbff9aee1,0x5eeefca380d02919dc2c6558bb6d8a5d,0x3fffffff7fffffffbe0024720613b5a3,0x4,0x7b6aa5d85e572983e6fb32a7cdebc140,0x27b6916a894d3aee7106fe805fc34b44
secg,secp160k1,160,0xfffffffffffffffffffffffffffffffeffffac73,0x0,0x7,0x100000000000000000001b8fa16dfab9aca16b6b3,0x1,0x3b4c382ce37aa192a4019e763036f4f5dd4d7ebb,0x938cf935318fdced6bc28286531733c3f03c4fee
secg,secp160r1,160,0xffffffffffffffffffffffffffffffff7fffffff,-0x3,0x1c97befc54bd7a8b65acf89f81d4d4adc565fa45,0x100000000000000000001f4c8f927aed3ca752257,0x1,0x4a96b5688ef573284664698968c38bb913cbfc82,0x23a628553168947d59dcc912042351377ac5fb32
secg,secp160r2,160,0xfffffffffffffffffffffffffffffffeffffac73,-0x3,0xb4e134d3fb59eb8bab57274904664d5af50388ba,0x100000000000000000000351ee786a818f3a1a16b,0x1,0x52dcb034293a117e1f4ff11b30f7199d3144ce6d,0xfeaffef2e331f296e071fa0df9982cfea7d43f2e
secg,secp192k1,192,0xfffffffffffffffffffffffffffffffffffffffeffffee37,0x0,0x3,0xfffffffffffffffffffffffe26f2fc170f69466a74defd8d,0x1,0xdb4ff10ec057e9ae26b07d0280b7f4341da5d1b1eae06c7d,0x9b2f2f6d9c5628a7844163d015be86344082aa88d95e2f9d
secg,secp192r1,192,0xfffffffffffffffffffffffffffffffeffffffffffffffff,-0x3,0x64210519e59c80e70fa7e9ab72243049feb8deecc146b9b1,0xffffffffffffffffffffffff99def836146bc9b1b4d22831,0x1,0x188da80eb03090f67cbf20eb43a18800f4ff0afd82ff1012,0x7192b95ffc8da78631011ed6b24cdd573f977a11e794811
secg,secp224k1,224,0xfffffffffffffffffffffffffffffffffffffffffffffffeffffe56d,0x0,0x5,0x10000000000000000000000000001dce8d2ec6184caf0a971769fb1f7,0x1,0xa1455b334df099df30fc28a169a467e9e47075a90f7e650eb6b7a45c,0x7e089fed7fba344282cafbd6f7e319f7c0b0bd59e2ca4bdb556d61a5
secg,secp224r1,224,0xffffffffffffffffffffffffffffffff000000000000000000000001,-0x3,0xb4050a850c04b3abf54132565044b0b7d7bfd8ba270b39432355ffb4,0xffffffffffffffffffffffffffff16a2e0b8f03e13dd29455c5c2a3d,0x1,0xb70e0cbd6bb4bf7f321390b94a03c1d356c21122343280d6115c1d21,0xbd376388b5f723fb4c22dfe6cd4375a05a07476444d5819985007e34
secg,secp256k1,256,0xfffffffffffffffffffffffffffffffffffffffffffffffffffffffefffffc2f,0x0,0x7,0xfffffffffffffffffffffffffffffffebaaedce6af48a03bbfd25e8cd0364141,0x1,0x79be667ef9dcbbac55a06295ce870b07029bfcdb2dce28d959f2815b16f81798,0x483ada7726a3c4655da4fbfc0e1108a8fd17b448a68554199c47d08ffb10d4b8
secg,secp256r1,256,0xffffffff00000001000000000000000000000000ffffffffffffffffffffffff,-0x3,0x5ac635d8aa3a93e7b3ebbd55769886bc651d06b0cc53b0f63bce3c3e27d2604b,0xffffffff00000000ffffffffffffffffbce6faada7179e84f3b9cac2fc632551,0x1,0x6b17d1f2e12c4247f8bce6e563a440f277037d812deb33a0f4a13945d898c296,0x4fe342e2fe1a7f9b8ee7eb4a7c0f9e162bce33576b315ececbb6406837bf51f5
secg,secp384r1,384,0xfffffffffffffffffffffffffffffffffffffffffffffffffffffffffffffffeffffffff0000000000000000ffffffff,-0x3,0xb3312fa7e23ee7e4988e056be3f82d19181d9c6efe8141120314088f5013875ac656398d8a2ed19d2a85c8edd3ec2aef,0xffffffffffffffffffffffffffffffffffffffffffffffffc7634d81f4372ddf581a0db248b0a77aecec196accc52973,0x1,0xaa87ca22be8b05378eb1c71ef320ad746e1d3b628ba79b9859f741e082542a385502f25dbf55296c3a545e3872760ab7,0x3617de4a96262c6f5d9e98bf9292dc29f8f41dbd289a147ce9da3113b5f0b8c00a60b1ce1d7e819d7a431d7c90ea0e5f
secg,secp521r1,521,0x1ffffffffffffffffffffffffffffffffffffffffffffffffffffffffffffffffffffffffffffffffffffffffffffffffffffffffffffffffffffffffffffffffff,-0x3,0x51953eb9618e1c9a1f929a21a0b68540eea2da725b99b315f3b8b489918ef109e156193951ec7e937b1652c0bd3bb1bf073573df883d2c34f1ef451fd46b503f00,0x1fffffffffffffffffffffffffffffffffffffffffffffffffffffffffffffffffa51868783bf2f966b7fcc0148f709a5d03bb5c9b8899c47aebb6fb71e91386409,0x1,0xc6858e06b70404e9cd9e3ecb662395b4429c648139053fb521f828af606b4d3dbaa14b5e77efe75928fe1dc127a2ffa8de3348b3c1856a429bf97e7e31c2e5bd66,0x11839296a789a3bc0045c8a5fb42c7d1bd998f54449579b446817afbd17273e662c97ee72995ef42640c550b9013fad0761353c7086a272c24088be94769fd16650
wtls,wap-wsg-idm-ecid-wtls12,224,0xffffffffffffffffffffffffffffffff000000000000000000000001,-0x3,0xb4050a850c04b3abf54132565044b0b7d7bfd8ba270b39432355ffb4,0xffffffffffffffffffffffffffff16a2e0b8f03e13dd29455c5c2a3d,0x1,0xb70e0cbd6bb4bf7f321390b94a03c1d356c21122343280d6115c1d21,0xbd376388b5f723fb4c22dfe6cd4375a05a07476444d5819985007e34
wtls,wap-wsg-idm-ecid-wtls6,112,0xdb7c2abf62e35e668076bead208b,-0x3,0x659ef8ba043916eede8911702b22,0xdb7c2abf62e35e7628dfac6561c5,0x1,0x9487239995a5ee76b55f9c2f098,0xa89ce5af8724c0a23e0e0ff77500
wtls,wap-wsg-idm-ecid-wtls7,160,0xffffffffffffffffffffffffffffffff7fffffff,-0x3,0x1c97befc54bd7a8b65acf89f81d4d4adc565fa45,0x100000000000000000001f4c8f927aed3ca752257,0x1,0x4a96b5688ef573284664698968c38bb913cbfc82,0x23a628553168947d59dcc912042351377ac5fb32
wtls,wap-wsg-idm-ecid-wtls8,112,0xfffffffffffffffffffffffffde7,0x0,0x3,0x100000000000001ecea551ad837e9,0x1,0x1,0x2
wtls,wap-wsg-idm-ecid-wtls9,160,0xfffffffffffffffffffffffffffffffffffc808f,0x0,0x3,0x100000000000000000001cdc98ae0e2de574abf33,0x1,0x1,0x2
other,BADA55-R-256,256,0xf1fd178c0b3ad58f10126de8ce42435b3961adbcabc8ca6de8fcf353d86e9c03,-0x3,0xbada55bada55bada55bada55bada55bada55bada55bada55bada55bada55bd48,0xf1fd178c0b3ad58f10126de8ce42435a1a8e3837861aa0efa0e52aec7379c967,0x1,,
other,BADA55-VPR-224,224,0xffffffffffffffffffffffffffffffff000000000000000000000001,0x7144ba12ce8a0c3befa053edbada555a42391fc64f052376e041c7d4af23195ebd8d83625321d452e8a0c3bb0a048a26115704e45dceb346a9f4bd9741d14d49,0x5c32ec7fc48ce1802d9b70dbc3fa574eaf015fce4e99b43ebe3468d6efb2276ba3669aff6ffc0f4c6ae4ae2e5d74c3c0af97dce17147688dda89e734b56944a2,0xffffffffffffffffffffffffffff473fa5d3e9bf40a95a8d3f014add,0x1,,
other,BADA55-VPR2-224,224,0xffffffffffffffffffffffffffffffff000000000000000000000001,0x8f0ff20e1e3cf4905d492e04110683948bfc236790bbb59e6e6b33f24f348ed2e16c64ee79f9fd27e9a367ff6415b41189e4fb6bada555455dc44c4f87011eef,0xe85067a95547e30661c854a43ed80f36289043ffc73da78a97e37fb96a2717009088656b948865a660ff3959330d8a1ca1e4de31b7b7d496a4cde555e57d05c,0xffffffffffffffffffffffffffffdf5c0319f61dc6ccebe902bc220f,0x1,,
other,BADA55-VR-224,224,0xffffffffffffffffffffffffffffffff000000000000000000000001,-0x3,0xbada55ecfd9ca54c0738b8a6fb8cf4ccf84e916d83d6da1b78b622351e11ab4e,0xffffffffffffffffffffffffffff0d44ef1096b2b67b7a3dcee7b079,0x1,,
other,BADA55-VR-256,256,0xffffffff00000001000000000000000000000000ffffffffffffffffffffffff,-0x3,0xbada55ecd8bbead3add6c534f92197deb47fceb9be7e0e702a8d1dd56b5d0b0c,0xffffffff00000000fffffffffffffffebedc2797003336661a49d76a903bdb91,0x1,,
other,BADA55-VR-384,384,0xfffffffffffffffffffffffffffffffffffffffffffffffffffffffffffffffeffffffff0000000000000000ffffffff,-0x3,0xbada55ec3be2ad1f9eeea5881ecf95bbf3ac392526f01d4cd13e684c63a17cc4d5f271642ad83899113817a61006413d,0xfffffffffffffffffffffffffffffffffffffffffffffffeefe1169b82ff7e5032c683f766fae57359cfc5fc25ffce37,0x1,,
other,Curve1174,251,0x7fffffffffffffffffffffffffffffffffffffffffffffffffffffffffffff7,0x486be25b34c8080922b969257eeb54c404f914a29067a5560bb9aee0bc67a6d,0xe347a25bf875dd2f1f12d8a10334d417cc15e77893a99f4bf278ca563072e6,0x1fffffffffffffffffffffffffffffff77965c4dfd307348944d45fd166c971,0x4,0x3be821d63d2cd5afe0504f452e5cf47a60a10446928ceaecfd5294f89b45051,0x66fe4e7b8b6fe152f743393029a61bfb839747c8fb00f7b27a6841c07532a0
other,Curve22103,221,0x1ffffffffffffffffffffffffffffffffffffffffffffffffffffffd,0x155555555555555555555555555555555555555555555552174084ff,0x1425ed097b425ed097b425ed097b425ed097b425ed0bba9428427967,0x3fffffffffffffffffffffffffff5cd04695a145c3067cf4aae2025,0x8,0xcb476fe081b61f56a60b1d1b34fb7207d072ef25dadf377731049b0,0x36429404d97e1e217bad2e5601f6551f95d8fe9481bd454d1f3e7b6
other,Curve4417,226,0x3fffffffffffffffffffffffffffffffffffffffffffffffffffffffb,0x4648d10b419379d50f4ba01869d9ae363285e01fe66920878ee075b0,0x4c4dcedfac09383a0311b98ee9637415b9134b4115fdb760c1a3d419,0xfffffffffffffffffffffffffffffc4a75594d4923fc93d42713cdaf,0x4,0xff9d7edd97d523012ffaaca32b7c90f1a8e026f21972c789a8484a2b,0x3e9036adc1a41fce2f2ca08e2d1be4f6d97e30ca7761db1f3e2f2ce96
other,Curve67254,382,0x3fffffffffffffffffffffffffffffffffffffffffffffffffffffffffffffffffffffffffffffffffffffffffffff97,0x2e32419a32377af8e7f03148a106d112c8c2e26d31a89f46b743deed322c7adc3024afe4b5afd8db7180281586549f4a,0x22f6ef3be72a67fdc236d7173727cd2af6d02a195753c44bdf451369b02ea0f963d9a775cae6dc3ae9ccabb7f183c1ad,0xfffffffffffffffffffffffffffffffffffffffffffffffd5fb21f21e95eee17c5e69281b102d2773e27e13fd3c9719,0x4,0x141946416199fdda96ec1f1ac80058aa3f0ce96b1bcd023e97bae542fe3404b4738db9b81a13698339387672eca360c0,0xd51bf79d968f4a076022e750f821058e2b5073697b639edd355ebf8ad32352b1efa9478de7eb5662ef0d26ef6eea795
other,Fp224BN,224,0xfffffffffff107288ec29e602c4520db42180823bb907d1287127833,0x0,0x3,0xfffffffffff107288ec29e602c4420db4218082b36c2accff76c58ed,0x1,0x1,0x2
other,Fp254BNa,254,0x2370fb049d410fbe4e761a9886e502417d023f40180000017e80600000000001,0x0,0x5,0x2370fb049d410fbe4e761a9886e502411dc1af70120000017e80600000000001,0x1,0x1,0xd45589b158faaf6ab0e4ad38d998e9982e7ff63964ee1460342a592677cccb0
other,Fp254BNb,254,0x2523648240000001ba344d80000000086121000000000013a700000000000013,0x0,0x2,0x2523648240000001ba344d8000000007ff9f800000000010a10000000000000d,0x1,0x2523648240000001ba344d80000000086121000000000013a700000000000012,0x1
other,Fp256BN,256,0xfffffffffffcf0cd46e5f25eee71a49f0cdc65fb12980a82d3292ddbaed33013,0x0,0x3,0xfffffffffffcf0cd46e5f25eee71a49e0cdc65fb1299921af62d536cd10b500d,0x1,0x1,0x2
other,Fp384BN,384,0xfffffffffffffffffff2a96823d5920d2a127e3f6fbca024c8fbe29531892c79534f9d306328261550a7cabd7cccd10b,0x0,0x3,0xfffffffffffffffffff2a96823d5920d2a127e3f6fbca023c8fbe29531892c795356487d8ac63e4f4db17384341a5775,0x1,0x1,0x2
other,Fp512BN,512,0xfffffffffffffffffffffffffff9ec7f01c60ba1d8cb5307c0bbe3c111b0ef455146cf1eacbe98b8e48c65deab236fe1916a55ce5f4c6467b4eb280922adef33,0x0,0x3,0xfffffffffffffffffffffffffff9ec7f01c60ba1d8cb5307c0bbe3c111b0ef445146cf1eacbe98b8e48c65deab2679a34a10313e04f9a2b406a64a5f519a09ed,0x1,0x1,0x2
other,Pallas,255,0x40000000000000000000000000000000224698fc094cf91b992d30ed00000001,0x0,0x5,0x40000000000000000000000000000000224698fc0994a8dd8c46eb2100000001,0x1,0x40000000000000000000000000000000224698fc094cf91b992d30ed00000000,0x2
other,Tom-256,256,0xffffffff0000000100000000000000017e72b42b30e7317793135661b1c4b117,-0x3,0xb441071b12f4a0366fb552f8e21ed4ac36b06aceeb354224863e60f20219fc56,0xffffffff00000001000000000000000000000000ffffffffffffffffffffffff,0x1,0x3,0x5a6dd32df58708e64e97345cbe66600decd9d538a351bb3c30b4954925b1f02d
other,Tom-384,384,0xfffffffffffffffffffffffffffffffffffffffffffffffeaf5f689f8669fb41b08d5f5edffd26599c434bbd978917c5,0x821dfdc940e7f074ac481f8b2870c48962cce56abd72dfc42813a944cea15df78dc0a2d97fbf031ed26c9076826940ba,0x9b5b584b655fdcb087d37f8c4fee893c0499223db5e004c674ea0dee48a4ec0c9e9f684099f2a51c62a2cce400cb1e4b,0xfffffffffffffffffffffffffffffffffffffffffffffffffffffffffffffffeffffffff0000000000000000ffffffff,0x1,,
other,Tom-521,521,0x200000000000000000000000000000000000000000000000000000000000000002c54be78524c33584f734a266748b2063accf5028e6778dc5056476d0690853249,0xef6432c21701cc48c63fb9263e14ba76d4a94ba14d173b134e3032b0e2e543180eb6725125992a7d00162a5f57d21918b0766364eeb53c53bb12f405dac1d527e2,0x3cbc65d1e0245d79703b18e9aaea1ac6d67f87a2cd4bd84b9e6df6a45a979c481825ca5a857270fc890352f9fac7fd6020deaabb28d099718f0f77a4eec222871d,0x1ffffffffffffffffffffffffffffffffffffffffffffffffffffffffffffffffffffffffffffffffffffffffffffffffffffffffffffffffffffffffffffffffff,0x1,,
other,Tweedledee,255,0x40000000000000000000000000000000038aa127696286c9842cafd400000001,0x0,0x5,0x40000000000000000000000000000000038aa1276c3f59b9a14064e200000001,0x1,0x40000000000000000000000000000000038aa127696286c9842cafd400000000,0x2
other,Tweedledum,255,0x40000000000000000000000000000000038aa1276c3f59b9a14064e200000001,0x0,0x5,0x40000000000000000000000000000000038aa127696286c9842cafd400000001,0x1,0x40000000000000000000000000000000038aa1276c3f59b9a14064e200000000,0x2
other,Vesta,255,0x40000000000000000000000000000000224698fc0994a8dd8c46eb2100000001,0x0,0x5,0x40000000000000000000000000000000224698fc094cf91b992d30ed00000001,0x1,0x40000000000000000000000000000000224698fc0994a8dd8c46eb2100000000,0x2
other,ssc-160,160,0xc90fdaa22168c234c4c6628b80dc1cd129024e1f,-0x3,0xadf85458a2bb4a9aafdc5620273d3cf1d8b9c841,0xc90fdaa22168c234c4c5d89f4f2dd72349ee61f7,0x1,,
other,ssc-192,192,0xc90fdaa22168c234c4c6628b80dc1cd129024e088a67cd13,-0x3,0xadf85458a2bb4a9aafdc5620273d3cf1d8b9c583ce2d36a6,0xc90fdaa22168c234c4c6628c5dca19490dd3e6fd7979a7a3,0x1,,
other,ssc-224,224,0xc90fdaa22168c234c4c6628b80dc1cd129024e088a67cc74020bbedf,-0x3,0xadf85458a2bb4a9aafdc5620273d3cf1d8b9c583ce2d3695a9e13a03,0xc90fdaa22168c234c4c6628b80dd2439be5b2b827a9ffbea7240e5cd,0x1,,
other,ssc-256,256,0xc90fdaa22168c234c4c6628b80dc1cd129024e088a67cc74020bbea63b139c0b,-0x3,0xadf85458a2bb4a9aafdc5620273d3cf1d8b9c583ce2d3695a9e13641146434e1,0xc90fdaa22168c234c4c6628b80dc1cd0fbec42e940b37a88d9caeca198a64437,0x1,,
other,ssc-288,288,0xc90fdaa22168c234c4c6628b80dc1cd129024e088a67cc74020bbea63b139b22514a098b,-0x3,0xadf85458a2bb4a9aafdc5620273d3cf1d8b9c583ce2d3695a9e13641146433fbcc939f36,0xc90fdaa22168c234c4c6628b80dc1cd12903ba214366757b7a5240b2a637e2065a850855,0x1,,
other,ssc-320,320,0xc90fdaa22168c234c4c6628b80dc1cd129024e088a67cc74020bbea63b139b22514a08798e3408b3,-0x3,0xadf85458a2bb4a9aafdc5620273d3cf1d8b9c583ce2d3695a9e13641146433fbcc939dce249b40a4,0xc90fdaa22168c234c4c6628b80dc1cd129024e09489bd44fda941042cccc7286009777663bb29671,0x1,,
other,ssc-384,384,0xc90fdaa22168c234c4c6628b80dc1cd129024e088a67cc74020bbea63b139b22514a08798e3404ddef9519b3cd3a437b,-0x3,0xadf85458a2bb4a9aafdc5620273d3cf1d8b9c583ce2d3695a9e13641146433fbcc939dce249b3ef97d2fe363630c7791,0xc90fdaa22168c234c4c6628b80dc1cd129024e088a67cc73b7669162524b60c73ee73e6dfe7059f510370fe7870d8599,0x1,,
other,ssc-512,512,0xc90fdaa22168c234c4c6628b80dc1cd129024e088a67cc74020bbea63b139b22514a08798e3404ddef9519b3cd3a431b302b0a6df25f14374fe1356d6d51c5ef,-0x3,0xadf85458a2bb4a9aafdc5620273d3cf1d8b9c583ce2d3695a9e13641146433fbcc939dce249b3ef97d2fe363630c75d8f681b202aec4617ad3df1ed5d5fd6a8d,0xc90fdaa22168c234c4c6628b80dc1cd129024e088a67cc74020bbea63b139b235a2359c4afbc9eb7987f1c9ab37e42599188c4b7dc6269b830d80897f57a5f71,0x1,,
